{
  "version": 1,
  "author": "Leticia",
  "editor": "wokwi",
  "parts": [
    {
      "type": "board-esp32-devkit-c-v4",
      "id": "esp",
      "top": -268.8,
      "left": 91.24,
      "attrs": { "env": "micropython-20231227-v1.22.0" }
    },
    { "type": "wokwi-dht22", "id": "dht1", "top": -527.7, "left": 119.4, "attrs": {} },
    { "type": "wokwi-servo", "id": "servo1", "top": -270.8, "left": 537.6, "attrs": {} },
    { "type": "wokwi-servo", "id": "servo2", "top": -146, "left": 528, "attrs": {} },
    {
      "type": "wokwi-pushbutton",
      "id": "btn1",
      "top": 35,
      "left": 163.2,
      "attrs": { "color": "green", "xray": "1" }
    },
    {
      "type": "wokwi-pushbutton",
      "id": "btn2",
      "top": 25.4,
      "left": -38.4,
      "attrs": { "color": "green", "xray": "1" }
    },
    {
      "type": "wokwi-photoresistor-sensor",
      "id": "ldr1",
      "top": -160,
      "left": -296.8,
      "attrs": {}
    },
    {
      "type": "wokwi-resistor",
      "id": "r1",
      "top": -140.05,
      "left": -38.4,
      "attrs": { "value": "10000" }
    }
  ],
  "connections": [
    [ "esp:TX", "$serialMonitor:RX", "", [] ],
    [ "esp:RX", "$serialMonitor:TX", "", [] ],
    [ "dht1:VCC", "esp:3V3", "red", [ "h-38.4", "v172.8" ] ],
    [ "dht1:GND", "esp:GND.2", "black", [ "h28.8", "v172.8" ] ],
    [ "dht1:SDA", "esp:2", "green", [ "v19.2", "h172.9", "v288", "h-124.8" ] ],
    [ "servo1:PWM", "esp:4", "green", [ "h-124.8", "v86.6" ] ],
    [ "servo1:V+", "esp:3V3", "red", [ "h-38.4", "v-57.5", "h-489.6", "v38.4" ] ],
    [ "servo1:GND", "esp:GND.2", "black", [ "h-9.6", "v-19.2", "h-374.4", "v9.6" ] ],
    [ "servo2:PWM", "esp:15", "green", [ "v9.8", "h-316.8", "v-28.8" ] ],
    [
      "servo2:V+",
      "esp:3V3",
      "red",
      [ "h-28.8", "v57.7", "h-441.6", "v-182.4", "h38.4", "v-28.8" ]
    ],
    [ "servo2:GND", "esp:GND.2", "black", [ "h-259.2", "v-134.4", "h-67.2", "v-9.6" ] ],
    [ "btn1:1.r", "esp:GND.2", "black", [ "v-259.2", "h-28.6", "v-19.2", "h-9.6" ] ],
    [ "btn1:1.l", "esp:18", "green", [ "v-96", "h57.6", "v-115.2" ] ],
    [ "btn2:1.l", "esp:5", "green", [ "v-38.4", "h48", "h249.6", "v-153.6" ] ],
    [ "btn2:1.r", "esp:GND.2", "black", [ "v-364.8", "h182.6", "v48", "h9.6" ] ],
    [ "ldr1:VCC", "esp:3V3", "red", [ "h124.8", "v-115.2", "h86.4", "v9.6", "h9.45" ] ],
    [ "ldr1:GND", "r1:1", "black", [ "v-0.4", "h86.4" ] ],
    [ "r1:2", "esp:GND.2", "black", [ "v-163.2", "h219.6", "v38.4", "h-38.4", "v9.6", "h-9.6" ] ]
  ],
  "dependencies": {}
}